{
  "metrics": {
    "http_req_duration{expected_response:true}": {
      "values": {
        "min": 39.483542,
        "med": 2312.755778,
        "max": 15004.158882,
        "p(90)": 6210.118012,
        "p(95)": 7791.870064699999,
        "avg": 2504.940302342858
      },
      "type": "trend",
      "contains": "time"
    },
    "http_req_receiving": {
      "values": {
        "med": 0.449458,
        "max": 2.718417,
        "p(90)": 0.9241588,
        "p(95)": 1.0319918,
        "avg": 0.48400694285714346,
        "min": 0.041625
      },
      "type": "trend",
      "contains": "time"
    },
    "http_req_waiting": {
      "type": "trend",
      "contains": "time",
      "values": {
        "avg": 2504.4392930628574,
        "min": 39.051375,
        "med": 2312.351445,
        "max": 15003.62709,
        "p(90)": 6209.9402531999995,
        "p(95)": 7791.606656499999
      }
    },
    "http_req_failed": {
      "type": "rate",
      "contains": "default",
      "values": {
        "rate": 0,
        "passes": 0,
        "fails": 175
      }
    },
    "data_received": {
      "type": "counter",
      "contains": "data",
      "values": {
        "count": 441202,
        "rate": 11835.58815939117
      }
    },
    "http_req_duration": {
      "type": "trend",
      "contains": "time",
      "values": {
        "max": 15004.158882,
        "p(90)": 6210.118012,
        "p(95)": 7791.870064699999,
        "avg": 2504.940302342858,
        "min": 39.483542,
        "med": 2312.755778
      }
    },
    "http_req_blocked": {
      "type": "trend",
      "contains": "time",
      "values": {
        "avg": 0.12484789714285714,
        "min": 0.000834,
        "med": 0.00375,
        "max": 5.269542,
        "p(90)": 0.016208400000000015,
        "p(95)": 0.9402124999999997
      }
    },
    "iteration_duration": {
      "type": "trend",
      "contains": "time",
      "values": {
        "p(95)": 7793.2192657999985,
        "avg": 2505.2250483028574,
        "min": 39.552666,
        "med": 2312.917375,
        "max": 15004.298674,
        "p(90)": 6210.262211
      }
    },
    "vus_max": {
      "type": "gauge",
      "contains": "default",
      "values": {
        "max": 15,
        "value": 15,
        "min": 15
      }
    },
    "data_sent": {
      "type": "counter",
      "contains": "data",
      "values": {
        "count": 20475,
        "rate": 549.2578627556861
      }
    },
    "http_req_tls_handshaking": {
      "type": "trend",
      "contains": "time",
      "values": {
        "avg": 0,
        "min": 0,
        "med": 0,
        "max": 0,
        "p(90)": 0,
        "p(95)": 0
      }
    },
    "http_req_connecting": {
      "type": "trend",
      "contains": "time",
      "values": {
        "min": 0,
        "med": 0,
        "max": 4.457542,
        "p(90)": 0,
        "p(95)": 0.9014500999999998,
        "avg": 0.11158453714285715
      }
    },
    "http_req_sending": {
      "values": {
        "med": 0.01175,
        "max": 0.162541,
        "p(90)": 0.0359918,
        "p(95)": 0.06633749999999998,
        "avg": 0.01700233714285714,
        "min": 0.002166
      },
      "type": "trend",
      "contains": "time"
    },
    "ep_leaderboard": {
      "type": "trend",
      "contains": "time",
      "values": {
        "med": 2312.755778,
        "max": 15004.158882,
        "p(90)": 6210.118012,
        "p(95)": 7791.870064699999,
        "avg": 2504.940302342858,
        "min": 39.483542
      }
    },
    "iterations": {
      "type": "counter",
      "contains": "default",
      "values": {
        "count": 175,
        "rate": 4.694511647484497
      }
    },
    "leaderboard_errors": {
      "values": {
        "passes": 0,
        "fails": 175,
        "rate": 0
      },
      "type": "rate",
      "contains": "default"
    },
    "checks": {
      "type": "rate",
      "contains": "default",
      "values": {
        "fails": 0,
        "rate": 1,
        "passes": 175
      }
    },
    "vus": {
      "type": "gauge",
      "contains": "default",
      "values": {
        "value": 1,
        "min": 1,
        "max": 15
      }
    },
    "http_reqs": {
      "contains": "default",
      "values": {
        "count": 175,
        "rate": 4.694511647484497
      },
      "type": "counter"
    }
  },
  "root_group": {
    "name": "",
    "path": "",
    "id": "d41d8cd98f00b204e9800998ecf8427e",
    "groups": [],
    "checks": [
        {
          "name": "status is 200",
          "path": "::status is 200",
          "id": "6210a8cd14cd70477eba5c5e4cb3fb5f",
          "passes": 175,
          "fails": 0
        }
      ]
  },
  "options": {
    "summaryTrendStats": [
      "avg",
      "min",
      "med",
      "max",
      "p(90)",
      "p(95)"
    ],
    "summaryTimeUnit": "",
    "noColor": false
  },
  "state": {
    "isStdErrTTY": false,
    "testRunDurationMs": 37277.572864,
    "isStdOutTTY": false
  }
}